cell,variant,model,corpus,kind,quantitative,unmatched,n_windows,n_docs,bpb,gain,gain_ci,c_hat,fit_accepted,beta,Linf,beta_ci,fit_reason
q25c-0.5b__geant4__clean_c2024_11,main,q25c-0.5b,geant4,clean_c2024_11,False,False,3,40,0.1989,,,,False,,,,cell below quantitative floors (w=3 d=40)
q25c-0.5b__geant4__full_shuffled,main,q25c-0.5b,geant4,full_shuffled,True,False,21,342,0.3225,0.6278133954600653,"[0.48525074792676853, 0.7856318755498114]",11585.237502960395,False,,,,failed frozen holdout gate
q25c-0.5b__geant4__full_topo,main,q25c-0.5b,geant4,full_topo,True,False,21,342,0.2994,0.6729591824221051,"[0.4931937782536682, 0.8751740251125597]",46340.95001184158,False,,,,failed frozen holdout gate
q25c-0.5b__geant4__full_topo,masked_c2024_11,q25c-0.5b,geant4,full_topo,False,False,6,8,0.2516,,,,False,,,,cell below quantitative floors (w=6 d=8)
q25c-0.5b__geant4__full_topo,masked_c2025_04,q25c-0.5b,geant4,full_topo,False,False,5,7,0.2458,,,,False,,,,cell below quantitative floors (w=5 d=7)
q25c-0.5b__geant4__full_topo,masked_c2026_02,q25c-0.5b,geant4,full_topo,False,False,1,1,0.3624,,,,False,,,,cell below quantitative floors (w=1 d=1)
q25c-0.5b__geant4__full_topo__perdoc,main,q25c-0.5b,geant4,full_topo__perdoc,True,False,342,342,0.3282,-0.2745128954462775,"[-0.7008844733584506, -0.0740480704733021]",23170.47500592079,False,,,,non-contiguous valid-bin support
q25c-0.5b__geant4__full_topo__perdoc,masked_c2024_11,q25c-0.5b,geant4,full_topo__perdoc,False,False,8,8,0.2707,-0.036746558868609,,181.01933598375618,False,,,,cell below quantitative floors (w=8 d=8)
q25c-0.5b__geant4__full_topo__perdoc,masked_c2025_04,q25c-0.5b,geant4,full_topo__perdoc,False,False,7,7,0.2656,,,,False,,,,cell below quantitative floors (w=7 d=7)
q25c-0.5b__geant4__full_topo__perdoc,masked_c2026_02,q25c-0.5b,geant4,full_topo__perdoc,False,False,1,1,0.3738,,,,False,,,,cell below quantitative floors (w=1 d=1)
q25c-0.5b__geant4__full_topo__ph16384,main,q25c-0.5b,geant4,full_topo__ph16384,True,False,21,327,0.3022,0.7133112607244021,"[0.5292250994637867, 0.8870993229654254]",11585.237502960395,False,,,,failed frozen holdout gate
q25c-0.5b__geant4__full_topo__ph16384,masked_c2024_11,q25c-0.5b,geant4,full_topo__ph16384,False,False,5,8,0.2424,,,,False,,,,cell below quantitative floors (w=5 d=8)
q25c-0.5b__geant4__full_topo__ph16384,masked_c2025_04,q25c-0.5b,geant4,full_topo__ph16384,False,False,4,7,0.2359,,,,False,,,,cell below quantitative floors (w=4 d=7)
q25c-0.5b__geant4__full_topo__ph16384,masked_c2026_02,q25c-0.5b,geant4,full_topo__ph16384,False,False,1,1,0.3634,,,,False,,,,cell below quantitative floors (w=1 d=1)
q25c-0.5b__geant4__full_topo__ph24576,main,q25c-0.5b,geant4,full_topo__ph24576,True,False,21,322,0.3042,0.5897324021156362,"[0.41237233393922573, 0.7644761382713628]",5792.618751480198,False,,,,failed frozen holdout gate
q25c-0.5b__geant4__full_topo__ph24576,masked_c2024_11,q25c-0.5b,geant4,full_topo__ph24576,False,False,6,8,0.2584,,,,False,,,,cell below quantitative floors (w=6 d=8)
q25c-0.5b__geant4__full_topo__ph24576,masked_c2025_04,q25c-0.5b,geant4,full_topo__ph24576,False,False,5,7,0.2528,,,,False,,,,cell below quantitative floors (w=5 d=7)
q25c-0.5b__geant4__full_topo__ph24576,masked_c2026_02,q25c-0.5b,geant4,full_topo__ph24576,False,False,1,1,0.3638,,,,False,,,,cell below quantitative floors (w=1 d=1)
q25c-0.5b__geant4__full_topo__ph8192,main,q25c-0.5b,geant4,full_topo__ph8192,True,False,21,333,0.3001,0.6378270041578276,"[0.4868606868345714, 0.7822549076891769]",11585.237502960395,False,,,,failed frozen holdout gate
q25c-0.5b__geant4__full_topo__ph8192,masked_c2024_11,q25c-0.5b,geant4,full_topo__ph8192,False,False,5,8,0.243,,,,False,,,,cell below quantitative floors (w=5 d=8)
q25c-0.5b__geant4__full_topo__ph8192,masked_c2025_04,q25c-0.5b,geant4,full_topo__ph8192,False,False,4,7,0.2366,,,,False,,,,cell below quantitative floors (w=4 d=7)
q25c-0.5b__geant4__full_topo__ph8192,masked_c2026_02,q25c-0.5b,geant4,full_topo__ph8192,False,False,1,1,0.3648,,,,False,,,,cell below quantitative floors (w=1 d=1)
q25c-0.5b__geant4__full_topo_s2,main,q25c-0.5b,geant4,full_topo_s2,True,False,22,337,0.2844,0.645603598175005,"[0.4620075654433166, 0.8698568925534067]",5792.618751480198,False,,,,failed frozen holdout gate
q25c-0.5b__geant4__full_topo_xl,main,q25c-0.5b,geant4,full_topo_xl,True,True,121,1497,0.3017,0.663763662272425,"[0.5966852513824895, 0.7454505274719233]",46340.95001184158,False,,,,failed frozen holdout gate
q25c-0.5b__mathlib__clean_c2024_11,main,q25c-0.5b,mathlib,clean_c2024_11,False,False,4,58,0.6269,,,,False,,,,cell below quantitative floors (w=4 d=58)
q25c-0.5b__mathlib__full_shuffled,main,q25c-0.5b,mathlib,full_shuffled,True,False,25,220,0.6253,0.9131887424881198,"[0.7964530260899352, 1.0503258536933553]",5792.618751480198,False,,,,failed frozen holdout gate
q25c-0.5b__mathlib__full_topo,main,q25c-0.5b,mathlib,full_topo,True,False,25,220,0.6159,1.0367492164694254,"[0.8665193954013464, 1.2065429747861514]",5792.618751480198,False,,,,failed frozen holdout gate
q25c-0.5b__mathlib__full_topo,masked_c2024_11,q25c-0.5b,mathlib,full_topo,True,False,23,95,0.6405,0.7675328939642954,"[0.46701431165524804, 1.1166090084695959]",46340.95001184158,False,,,,failed frozen holdout gate
q25c-0.5b__mathlib__full_topo,masked_c2025_04,q25c-0.5b,mathlib,full_topo,True,False,21,72,0.6432,,,,False,,,,insufficient bins for the frozen holdout gate
q25c-0.5b__mathlib__full_topo,masked_c2026_02,q25c-0.5b,mathlib,full_topo,False,False,15,25,0.6551,,,,False,,,,cell below quantitative floors (w=15 d=25)
q25c-0.5b__mathlib__full_topo__perdoc,main,q25c-0.5b,mathlib,full_topo__perdoc,True,False,220,220,0.6348,0.18338775913336736,"[0.12225597416926258, 0.2435529476140773]",23170.47500592079,False,,,,non-contiguous valid-bin support
q25c-0.5b__mathlib__full_topo__perdoc,masked_c2024_11,q25c-0.5b,mathlib,full_topo__perdoc,True,False,95,95,0.6692,0.16332696841091332,"[0.06663337729948021, 0.2775673034181292]",11585.237502960395,False,,,,non-contiguous valid-bin support
q25c-0.5b__mathlib__full_topo__perdoc,masked_c2025_04,q25c-0.5b,mathlib,full_topo__perdoc,True,False,72,72,0.6797,0.13518389708630807,"[0.003869681601494531, 0.31529575004654287]",5792.618751480198,False,,,,non-contiguous valid-bin support
q25c-0.5b__mathlib__full_topo__perdoc,masked_c2026_02,q25c-0.5b,mathlib,full_topo__perdoc,False,False,25,25,0.6779,0.15529159088434408,,5792.618751480198,False,,,,cell below quantitative floors (w=25 d=25)
q25c-0.5b__mathlib__full_topo__ph16384,main,q25c-0.5b,mathlib,full_topo__ph16384,True,False,24,218,0.6129,0.9093962777602527,"[0.7808117685763042, 1.0540386818911716]",11585.237502960395,False,,,,failed frozen holdout gate
q25c-0.5b__mathlib__full_topo__ph16384,masked_c2024_11,q25c-0.5b,mathlib,full_topo__ph16384,True,False,22,94,0.6341,,,,False,,,,insufficient bins for the frozen holdout gate
q25c-0.5b__mathlib__full_topo__ph16384,masked_c2025_04,q25c-0.5b,mathlib,full_topo__ph16384,True,False,22,72,0.6391,,,,False,,,,insufficient bins for the frozen holdout gate
q25c-0.5b__mathlib__full_topo__ph16384,masked_c2026_02,q25c-0.5b,mathlib,full_topo__ph16384,False,False,15,25,0.6377,,,,False,,,,cell below quantitative floors (w=15 d=25)
q25c-0.5b__mathlib__full_topo__ph24576,main,q25c-0.5b,mathlib,full_topo__ph24576,True,False,24,213,0.6152,0.8871443537580712,"[0.7225673993914739, 1.0509928981931214]",23170.47500592079,False,,,,failed frozen holdout gate
q25c-0.5b__mathlib__full_topo__ph24576,masked_c2024_11,q25c-0.5b,mathlib,full_topo__ph24576,True,False,23,92,0.6338,,,,False,,,,insufficient bins for the frozen holdout gate
q25c-0.5b__mathlib__full_topo__ph24576,masked_c2025_04,q25c-0.5b,mathlib,full_topo__ph24576,True,False,20,71,0.6392,,,,False,,,,non-contiguous valid-bin support
q25c-0.5b__mathlib__full_topo__ph24576,masked_c2026_02,q25c-0.5b,mathlib,full_topo__ph24576,False,False,13,25,0.6408,,,,False,,,,cell below quantitative floors (w=13 d=25)
q25c-0.5b__mathlib__full_topo__ph8192,main,q25c-0.5b,mathlib,full_topo__ph8192,True,False,25,218,0.6178,1.093325530357614,"[0.9790232969707525, 1.2517499543398984]",11585.237502960395,False,,,,failed frozen holdout gate
q25c-0.5b__mathlib__full_topo__ph8192,masked_c2024_11,q25c-0.5b,mathlib,full_topo__ph8192,True,False,23,94,0.6454,1.1639447700855783,"[0.946260331592107, 1.3570462762283135]",23170.47500592079,False,,,,failed frozen holdout gate
q25c-0.5b__mathlib__full_topo__ph8192,masked_c2025_04,q25c-0.5b,mathlib,full_topo__ph8192,True,False,22,72,0.6509,,,,False,,,,insufficient bins for the frozen holdout gate
q25c-0.5b__mathlib__full_topo__ph8192,masked_c2026_02,q25c-0.5b,mathlib,full_topo__ph8192,False,False,16,25,0.6433,,,,False,,,,cell below quantitative floors (w=16 d=25)
q25c-0.5b__mathlib__full_topo_s2,main,q25c-0.5b,mathlib,full_topo_s2,True,False,25,199,0.5847,1.0476557459581768,"[0.8841644194482026, 1.2275789462655278]",23170.47500592079,False,,,,failed frozen holdout gate
q25c-0.5b__mathlib__full_topo_xl,main,q25c-0.5b,mathlib,full_topo_xl,True,True,122,1021,0.5866,0.9321069884507868,"[0.8647720604862071, 1.003479600318929]",11585.237502960395,False,,,,failed frozen holdout gate
q25c-0.5b__physlib__clean_c2024_11,main,q25c-0.5b,physlib,clean_c2024_11,False,False,4,26,0.5524,,,,False,,,,cell below quantitative floors (w=4 d=26)
q25c-0.5b__physlib__full_shuffled,main,q25c-0.5b,physlib,full_shuffled,True,False,25,170,0.5516,1.0599921521257125,"[0.9420626057628635, 1.1882361497766951]",46340.95001184158,False,,,,failed frozen holdout gate
q25c-0.5b__physlib__full_topo,main,q25c-0.5b,physlib,full_topo,True,False,25,170,0.5208,1.0749463564739323,"[0.945642099326159, 1.1923185602532986]",11585.237502960395,False,,,,failed frozen holdout gate
q25c-0.5b__physlib__full_topo,masked_c2024_11,q25c-0.5b,physlib,full_topo,True,False,25,132,0.5255,1.0469894608977182,"[0.8863970187067249, 1.2072943953676114]",11585.237502960395,False,,,,failed frozen holdout gate
q25c-0.5b__physlib__full_topo,masked_c2025_04,q25c-0.5b,physlib,full_topo,True,False,24,96,0.5446,1.0789204845193185,"[0.9055504481652661, 1.2487541964789435]",11585.237502960395,False,,,,failed frozen holdout gate
q25c-0.5b__physlib__full_topo,masked_c2026_02,q25c-0.5b,physlib,full_topo,True,False,18,47,0.509,1.0550472256533205,"[0.8781027345956458, 1.2541145372201086]",11585.237502960395,False,,,,non-contiguous valid-bin support
q25c-0.5b__physlib__full_topo__perdoc,main,q25c-0.5b,physlib,full_topo__perdoc,True,False,171,170,0.5648,0.4963472669685221,"[0.4132972014551838, 0.6016428790597919]",11585.237502960395,False,,,,non-contiguous valid-bin support
q25c-0.5b__physlib__full_topo__perdoc,masked_c2024_11,q25c-0.5b,physlib,full_topo__perdoc,True,False,133,132,0.5671,0.5231557861305847,"[0.43198996147839885, 0.6320911003463248]",11585.237502960395,False,,,,non-contiguous valid-bin support
q25c-0.5b__physlib__full_topo__perdoc,masked_c2025_04,q25c-0.5b,physlib,full_topo__perdoc,True,False,97,96,0.5777,0.4999736528296453,"[0.38748263009842593, 0.6193788973732133]",11585.237502960395,False,,,,non-contiguous valid-bin support
q25c-0.5b__physlib__full_topo__perdoc,masked_c2026_02,q25c-0.5b,physlib,full_topo__perdoc,True,False,48,47,0.5516,0.5312417772529066,"[0.3775921131841141, 0.6683759083525179]",23170.47500592079,False,,,,non-contiguous valid-bin support
q25c-0.5b__physlib__full_topo__ph16384,main,q25c-0.5b,physlib,full_topo__ph16384,True,False,25,168,0.5262,1.1186794204384451,"[0.9510794876657965, 1.3032985328421076]",46340.95001184158,False,,,,failed frozen holdout gate
q25c-0.5b__physlib__full_topo__ph16384,masked_c2024_11,q25c-0.5b,physlib,full_topo__ph16384,True,False,25,130,0.5282,1.190621676665286,"[1.0180912818683463, 1.3552507519633687]",23170.47500592079,False,,,,failed frozen holdout gate
q25c-0.5b__physlib__full_topo__ph16384,masked_c2025_04,q25c-0.5b,physlib,full_topo__ph16384,True,False,23,95,0.5441,1.1812583121306188,"[0.9736280905066431, 1.406722178090087]",23170.47500592079,False,,,,failed frozen holdout gate
q25c-0.5b__physlib__full_topo__ph16384,masked_c2026_02,q25c-0.5b,physlib,full_topo__ph16384,True,False,20,47,0.5137,,,,False,,,,insufficient bins for the frozen holdout gate
q25c-0.5b__physlib__full_topo__ph24576,main,q25c-0.5b,physlib,full_topo__ph24576,True,False,24,164,0.5231,1.062885118513408,"[0.8930139685548397, 1.2429408990444633]",11585.237502960395,False,,,,failed frozen holdout gate
q25c-0.5b__physlib__full_topo__ph24576,masked_c2024_11,q25c-0.5b,physlib,full_topo__ph24576,True,False,24,126,0.5255,1.106277101609367,"[0.8848275887727474, 1.3185701731106256]",23170.47500592079,False,,,,failed frozen holdout gate
q25c-0.5b__physlib__full_topo__ph24576,masked_c2025_04,q25c-0.5b,physlib,full_topo__ph24576,True,False,22,91,0.5397,1.1129135827796106,"[0.8417261582825459, 1.3363898064628716]",23170.47500592079,False,,,,failed frozen holdout gate
q25c-0.5b__physlib__full_topo__ph24576,masked_c2026_02,q25c-0.5b,physlib,full_topo__ph24576,True,False,18,46,0.508,,,,False,,,,insufficient bins for the frozen holdout gate
q25c-0.5b__physlib__full_topo__ph8192,main,q25c-0.5b,physlib,full_topo__ph8192,True,False,25,169,0.5257,1.2718401121775804,"[1.0950956253956423, 1.4895627660989825]",92681.90002368316,False,,,,failed frozen holdout gate
q25c-0.5b__physlib__full_topo__ph8192,masked_c2024_11,q25c-0.5b,physlib,full_topo__ph8192,True,False,25,131,0.5297,1.2872968830029752,"[1.1095415838092961, 1.495214907973329]",23170.47500592079,False,,,,failed frozen holdout gate
q25c-0.5b__physlib__full_topo__ph8192,masked_c2025_04,q25c-0.5b,physlib,full_topo__ph8192,True,False,23,95,0.547,1.3166719643752076,"[1.0963784864605481, 1.553439559423787]",23170.47500592079,False,,,,failed frozen holdout gate
q25c-0.5b__physlib__full_topo__ph8192,masked_c2026_02,q25c-0.5b,physlib,full_topo__ph8192,True,False,19,47,0.5044,,,,False,,,,insufficient bins for the frozen holdout gate
q25c-0.5b__physlib__full_topo_s2,main,q25c-0.5b,physlib,full_topo_s2,True,False,25,229,0.5179,1.0263919804096955,"[0.858919520295647, 1.2177319813893632]",5792.618751480198,False,,,,failed frozen holdout gate
q25c-0.5b__physlib__full_topo_xl,main,q25c-0.5b,physlib,full_topo_xl,True,True,74,622,0.5085,1.1097852556179744,"[1.0225021459334092, 1.2052662637340539]",23170.47500592079,False,,,,failed frozen holdout gate
q25c-0.5b__qutip__clean_c2024_11,main,q25c-0.5b,qutip,clean_c2024_11,False,True,2,15,0.3533,,,,False,,,,cell below quantitative floors (w=2 d=15)
q25c-0.5b__qutip__full_shuffled,main,q25c-0.5b,qutip,full_shuffled,True,False,21,183,0.3965,0.6154926048235274,"[0.45397069120316386, 0.8292109511643647]",23170.47500592079,False,,,,failed frozen holdout gate
q25c-0.5b__qutip__full_topo,main,q25c-0.5b,qutip,full_topo,True,False,21,183,0.3821,0.7349740680050767,"[0.5556373590351458, 0.9339567395236873]",46340.95001184158,False,,,,failed frozen holdout gate
q25c-0.5b__qutip__full_topo,masked_c2024_11,q25c-0.5b,qutip,full_topo,False,False,9,14,0.3342,,,,False,,,,cell below quantitative floors (w=9 d=14)
q25c-0.5b__qutip__full_topo,masked_c2024_11_noflag,q25c-0.5b,qutip,full_topo,False,False,9,12,0.313,,,,False,,,,cell below quantitative floors (w=9 d=12)
q25c-0.5b__qutip__full_topo,masked_c2025_04,q25c-0.5b,qutip,full_topo,False,False,6,10,0.3293,,,,False,,,,cell below quantitative floors (w=6 d=10)
q25c-0.5b__qutip__full_topo,masked_c2025_04_noflag,q25c-0.5b,qutip,full_topo,False,False,6,8,0.3002,,,,False,,,,cell below quantitative floors (w=6 d=8)
q25c-0.5b__qutip__full_topo,masked_c2026_02,q25c-0.5b,qutip,full_topo,False,False,2,2,0.6099,,,,False,,,,cell below quantitative floors (w=2 d=2)
q25c-0.5b__qutip__full_topo__perdoc,main,q25c-0.5b,qutip,full_topo__perdoc,True,False,183,183,0.3967,0.6116907106063907,"[0.5548261740159619, 0.6743242078827024]",46340.95001184158,False,,,,failed frozen holdout gate
q25c-0.5b__qutip__full_topo__perdoc,masked_c2024_11,q25c-0.5b,qutip,full_topo__perdoc,False,False,14,14,0.3427,0.6739483392603827,,5792.618751480198,False,,,,cell below quantitative floors (w=14 d=14)
q25c-0.5b__qutip__full_topo__perdoc,masked_c2024_11_noflag,q25c-0.5b,qutip,full_topo__perdoc,False,False,12,12,0.3217,0.6264364725010715,,5792.618751480198,False,,,,cell below quantitative floors (w=12 d=12)
q25c-0.5b__qutip__full_topo__perdoc,masked_c2025_04,q25c-0.5b,qutip,full_topo__perdoc,False,False,10,10,0.3442,0.762807903399016,,5792.618751480198,False,,,,cell below quantitative floors (w=10 d=10)
q25c-0.5b__qutip__full_topo__perdoc,masked_c2025_04_noflag,q25c-0.5b,qutip,full_topo__perdoc,False,False,8,8,0.3161,0.569232736562256,,1448.1546878700494,False,,,,cell below quantitative floors (w=8 d=8)
q25c-0.5b__qutip__full_topo__perdoc,masked_c2026_02,q25c-0.5b,qutip,full_topo__perdoc,False,False,2,2,0.6152,,,,False,,,,cell below quantitative floors (w=2 d=2)
q25c-0.5b__qutip__full_topo__ph16384,main,q25c-0.5b,qutip,full_topo__ph16384,True,False,21,180,0.389,0.6731269450604108,"[0.5394922492178862, 0.8608684859666326]",11585.237502960395,False,,,,failed frozen holdout gate
q25c-0.5b__qutip__full_topo__ph16384,masked_c2024_11,q25c-0.5b,qutip,full_topo__ph16384,False,False,7,14,0.3292,,,,False,,,,cell below quantitative floors (w=7 d=14)
q25c-0.5b__qutip__full_topo__ph16384,masked_c2024_11_noflag,q25c-0.5b,qutip,full_topo__ph16384,False,False,7,12,0.3078,,,,False,,,,cell below quantitative floors (w=7 d=12)
q25c-0.5b__qutip__full_topo__ph16384,masked_c2025_04,q25c-0.5b,qutip,full_topo__ph16384,False,False,5,10,0.3272,,,,False,,,,cell below quantitative floors (w=5 d=10)
q25c-0.5b__qutip__full_topo__ph16384,masked_c2025_04_noflag,q25c-0.5b,qutip,full_topo__ph16384,False,False,5,8,0.2982,,,,False,,,,cell below quantitative floors (w=5 d=8)
q25c-0.5b__qutip__full_topo__ph16384,masked_c2026_02,q25c-0.5b,qutip,full_topo__ph16384,False,False,2,2,0.6069,,,,False,,,,cell below quantitative floors (w=2 d=2)
q25c-0.5b__qutip__full_topo__ph24576,main,q25c-0.5b,qutip,full_topo__ph24576,True,False,20,170,0.3824,0.6835023921804512,"[0.5083491681335426, 0.9248579711113786]",92681.90002368316,False,,,,failed frozen holdout gate
q25c-0.5b__qutip__full_topo__ph24576,masked_c2024_11,q25c-0.5b,qutip,full_topo__ph24576,False,False,8,12,0.3199,,,,False,,,,cell below quantitative floors (w=8 d=12)
q25c-0.5b__qutip__full_topo__ph24576,masked_c2024_11_noflag,q25c-0.5b,qutip,full_topo__ph24576,False,False,8,11,0.3077,,,,False,,,,cell below quantitative floors (w=8 d=11)
q25c-0.5b__qutip__full_topo__ph24576,masked_c2025_04,q25c-0.5b,qutip,full_topo__ph24576,False,False,5,8,0.3137,,,,False,,,,cell below quantitative floors (w=5 d=8)
q25c-0.5b__qutip__full_topo__ph24576,masked_c2025_04_noflag,q25c-0.5b,qutip,full_topo__ph24576,False,False,5,7,0.2963,,,,False,,,,cell below quantitative floors (w=5 d=7)
q25c-0.5b__qutip__full_topo__ph24576,masked_c2026_02,q25c-0.5b,qutip,full_topo__ph24576,False,False,1,1,0.5587,,,,False,,,,cell below quantitative floors (w=1 d=1)
q25c-0.5b__qutip__full_topo__ph8192,main,q25c-0.5b,qutip,full_topo__ph8192,True,False,21,182,0.3815,0.39429937902843626,"[0.2486461771206114, 0.5900510332853626]",23170.47500592079,False,,,,failed frozen holdout gate
q25c-0.5b__qutip__full_topo__ph8192,masked_c2024_11,q25c-0.5b,qutip,full_topo__ph8192,False,False,10,14,0.3492,,,,False,,,,cell below quantitative floors (w=10 d=14)
q25c-0.5b__qutip__full_topo__ph8192,masked_c2024_11_noflag,q25c-0.5b,qutip,full_topo__ph8192,False,False,10,12,0.3295,,,,False,,,,cell below quantitative floors (w=10 d=12)
q25c-0.5b__qutip__full_topo__ph8192,masked_c2025_04,q25c-0.5b,qutip,full_topo__ph8192,False,False,7,10,0.339,,,,False,,,,cell below quantitative floors (w=7 d=10)
q25c-0.5b__qutip__full_topo__ph8192,masked_c2025_04_noflag,q25c-0.5b,qutip,full_topo__ph8192,False,False,7,8,0.3113,,,,False,,,,cell below quantitative floors (w=7 d=8)
q25c-0.5b__qutip__full_topo__ph8192,masked_c2026_02,q25c-0.5b,qutip,full_topo__ph8192,False,False,2,2,0.6053,,,,False,,,,cell below quantitative floors (w=2 d=2)
q25c-0.5b__qutip__full_topo_s2,main,q25c-0.5b,qutip,full_topo_s2,True,False,21,174,0.3785,0.6721276735261112,"[0.5265616089121397, 0.8536923167911288]",23170.47500592079,True,0.18297797166652457,2.970503843122144e-15,"[0.13799060264693647, 0.2617713071878841]",
q25c-0.5b__sympy__clean_c2024_11,main,q25c-0.5b,sympy,clean_c2024_11,False,False,4,33,0.2797,,,,False,,,,cell below quantitative floors (w=4 d=33)
q25c-0.5b__sympy__full_shuffled,main,q25c-0.5b,sympy,full_shuffled,True,False,23,139,0.4025,0.617685197304155,"[0.5089715827270656, 0.7338554353799678]",2896.309375740099,False,,,,failed frozen holdout gate
q25c-0.5b__sympy__full_topo,main,q25c-0.5b,sympy,full_topo,True,False,23,139,0.3987,0.4593176086044423,"[0.3345148334410562, 0.5734087513438557]",23170.47500592079,False,,,,failed frozen holdout gate
q25c-0.5b__sympy__full_topo,masked_c2024_11,q25c-0.5b,sympy,full_topo,False,False,4,3,0.3104,,,,False,,,,cell below quantitative floors (w=4 d=3)
q25c-0.5b__sympy__full_topo,masked_c2025_04,q25c-0.5b,sympy,full_topo,False,False,4,3,0.3104,,,,False,,,,cell below quantitative floors (w=4 d=3)
q25c-0.5b__sympy__full_topo,masked_c2026_02,q25c-0.5b,sympy,full_topo,False,False,1,1,0.5079,,,,False,,,,cell below quantitative floors (w=1 d=1)
q25c-0.5b__sympy__full_topo__perdoc,main,q25c-0.5b,sympy,full_topo__perdoc,True,False,141,139,0.3953,0.2736618929426398,"[0.17811323722001504, 0.34549354786864245]",5792.618751480198,False,,,,failed frozen holdout gate
q25c-0.5b__sympy__full_topo__perdoc,masked_c2024_11,q25c-0.5b,sympy,full_topo__perdoc,False,False,3,3,0.3092,,,,False,,,,cell below quantitative floors (w=3 d=3)
q25c-0.5b__sympy__full_topo__perdoc,masked_c2025_04,q25c-0.5b,sympy,full_topo__perdoc,False,False,3,3,0.3092,,,,False,,,,cell below quantitative floors (w=3 d=3)
q25c-0.5b__sympy__full_topo__perdoc,masked_c2026_02,q25c-0.5b,sympy,full_topo__perdoc,False,False,1,1,0.5059,,,,False,,,,cell below quantitative floors (w=1 d=1)
q25c-0.5b__sympy__full_topo__ph16384,main,q25c-0.5b,sympy,full_topo__ph16384,True,False,22,116,0.4007,0.5419610317340795,"[0.45485882101270175, 0.6332958569374676]",23170.47500592079,False,,,,failed frozen holdout gate
q25c-0.5b__sympy__full_topo__ph16384,masked_c2024_11,q25c-0.5b,sympy,full_topo__ph16384,False,False,3,3,0.3103,,,,False,,,,cell below quantitative floors (w=3 d=3)
q25c-0.5b__sympy__full_topo__ph16384,masked_c2025_04,q25c-0.5b,sympy,full_topo__ph16384,False,False,3,3,0.3103,,,,False,,,,cell below quantitative floors (w=3 d=3)
q25c-0.5b__sympy__full_topo__ph16384,masked_c2026_02,q25c-0.5b,sympy,full_topo__ph16384,False,False,1,1,0.4963,,,,False,,,,cell below quantitative floors (w=1 d=1)
q25c-0.5b__sympy__full_topo__ph24576,main,q25c-0.5b,sympy,full_topo__ph24576,True,False,22,115,0.3995,0.6089237550977553,"[0.4878332754833007, 0.7489637044673922]",2896.309375740099,False,,,,failed frozen holdout gate
q25c-0.5b__sympy__full_topo__ph24576,masked_c2024_11,q25c-0.5b,sympy,full_topo__ph24576,False,False,3,3,0.3079,,,,False,,,,cell below quantitative floors (w=3 d=3)
q25c-0.5b__sympy__full_topo__ph24576,masked_c2025_04,q25c-0.5b,sympy,full_topo__ph24576,False,False,3,3,0.3079,,,,False,,,,cell below quantitative floors (w=3 d=3)
q25c-0.5b__sympy__full_topo__ph24576,masked_c2026_02,q25c-0.5b,sympy,full_topo__ph24576,False,False,1,1,0.5025,,,,False,,,,cell below quantitative floors (w=1 d=1)
q25c-0.5b__sympy__full_topo__ph8192,main,q25c-0.5b,sympy,full_topo__ph8192,True,False,23,123,0.3994,0.4850364578403392,"[0.3305913093919553, 0.6066178070020517]",2896.309375740099,False,,,,failed frozen holdout gate
q25c-0.5b__sympy__full_topo__ph8192,masked_c2024_11,q25c-0.5b,sympy,full_topo__ph8192,False,False,3,3,0.3158,,,,False,,,,cell below quantitative floors (w=3 d=3)
q25c-0.5b__sympy__full_topo__ph8192,masked_c2025_04,q25c-0.5b,sympy,full_topo__ph8192,False,False,3,3,0.3158,,,,False,,,,cell below quantitative floors (w=3 d=3)
q25c-0.5b__sympy__full_topo__ph8192,masked_c2026_02,q25c-0.5b,sympy,full_topo__ph8192,False,False,1,1,0.494,,,,False,,,,cell below quantitative floors (w=1 d=1)
q25c-0.5b__sympy__full_topo_s2,main,q25c-0.5b,sympy,full_topo_s2,True,False,23,113,0.3622,0.4990300689523317,"[0.41056392946013565, 0.5949393968021434]",5792.618751480198,False,,,,failed frozen holdout gate
q25c-0.5b__sympy__full_topo_xl,main,q25c-0.5b,sympy,full_topo_xl,True,True,112,626,0.381,0.6102200905287278,"[0.5333129661645126, 0.6873640042138268]",11585.237502960395,True,0.3920015906142065,0.2948785672326892,"[0.2809277643773985, 0.5683776375536245]",
