scope,mb,n_docs,beta_corr,no_report_reason,r2,fit_lo,fit_hi,ci_lag,ci_doc_block,broken_adopted,n_break,beta_short,beta_long,peaks,beta_fro,withhold,comp_cov_op,H1,H2,H4,H6
lean,134.4,11635,0.6447,,0.9768,1,2566,"[0.593775367079178, 0.6877425660192428]","[0.627767313442432, 0.6525249354440141]",True,1074,0.6041,1.4946,"[2, 336, 450, 601, 1919, 2566]",0.6454,False,7.116e-04,5.3492,4.0433,2.2308,1.4859
lean__csupport,110.8,5069,0.6268,,0.9767,1,2566,"[0.5800485217118301, 0.668378556558095]","[0.6102967103673115, 0.6363608939653627]",True,1436,0.601,1.7084,"[2, 3, 4, 79, 105, 336, 450, 601, 804, 1919, 2566]",0.6272,False,6.023e-04,5.3537,4.0342,2.2291,1.4827
lean__matched,54.4,4685,0.643,,0.9782,1,2566,"[0.59521323068196, 0.6846466361603994]","[0.6125085899663585, 0.6488489983268148]",True,804,0.5993,1.1898,"[2, 336, 450, 601, 1919, 2566]",0.6333,False,7.515e-04,5.3517,4.0425,2.2134,1.4337
lean/lean4,28.9,2520,0.58,,0.9682,1,1919,"[0.5344137651129436, 0.6204676059363234]","[0.5540814204744077, 0.5933245835492776]",True,9,0.8144,0.5431,"[2, 3, 4, 6, 79, 188, 252, 336, 1919]",0.5807,False,8.807e-04,5.2019,3.9603,2.0319,1.2711
lean/mathlib4,97.1,8308,0.6438,,0.9781,1,1919,"[0.5989051845018148, 0.6929383860556103]","[0.6293198826438642, 0.6503614621104448]",True,1074,0.6124,1.8556,"[2, 4, 450, 601, 1919]",0.6551,False,6.322e-04,5.3747,3.9987,2.143,1.4417
lean/physlib,7.2,622,0.5236,,0.9258,1,1436,"[0.464438555429015, 0.5798984737771959]","[0.4934968192048571, 0.5428364400529089]",True,13,0.8924,0.4261,"[2, 3, 4]",0.5392,False,1.220e-03,5.3736,3.9538,1.9107,1.108
python,54.3,3224,0.4652,,0.7098,1,8192,"[0.37224514298955663, 0.5479527712592628]","[0.3896763893507166, 0.5297765917292282]",True,13,1.3837,0.3328,,0.447,False,2.747e-03,4.7099,3.6474,2.0708,1.4001
python__csupport,49.2,1515,0.4597,,0.7009,1,8192,"[0.366487356435069, 0.5424464523738272]","[0.3923735473615748, 0.5160974761212173]",True,13,1.3835,0.3265,,0.4424,False,2.732e-03,4.7014,3.6333,2.0579,1.3892
python__matched,54.3,3224,0.4652,,0.7098,1,8192,"[0.37224514298955663, 0.5479527712592628]","[0.3971885017986112, 0.5281145612347179]",True,13,1.3837,0.3328,,0.447,False,2.747e-03,4.7099,3.6474,2.0708,1.4001
python/ase,5.6,516,0.4949,,0.778,1,8192,"[0.4113415002756303, 0.5746943020191146]","[0.3742471767397739, 0.5551331631191958]",True,12,1.2615,0.3933,,0.4525,False,2.984e-03,4.6141,3.4795,1.8395,1.1732
python/astropy,8.0,519,0.5111,,0.763,1,8192,"[0.4208290186764158, 0.5832264492858751]","[0.4502563199780357, 0.5360515792417736]",True,12,1.3525,0.3996,,0.5019,False,2.435e-03,4.573,3.5502,1.8288,1.2153
python/scipy,11.6,416,,adequacy gate: n_max=8192 r2=0.667,0.667,,,,"[0.35523126840332553, 0.5009070272156704]",,,,,"[1, 2, 3, 4]",0.4451,,1.936e-03,4.7028,3.6942,1.9825,1.2424
python/sympy,17.3,848,0.468,,0.7373,1,8192,"[0.3774721840737644, 0.5371044236603785]","[0.4139387094879721, 0.49833046840659073]",True,13,1.3335,0.3433,,0.4769,False,3.731e-03,4.7457,3.5832,1.8935,1.2502
python/yt,5.2,413,,adequacy gate: n_max=8192 r2=0.452,0.4521,,,,"[0.14395281360244375, 0.5523813543093973]",,,,,"[1, 2, 3, 4, 26]",0.2094,,1.132e-02,4.6985,3.371,1.6715,1.0849
cpp,61.5,7359,0.4987,,0.9333,1,8192,"[0.44669157923641833, 0.5441690853163013]","[0.4742840618259357, 0.51690643119983]",False,11,0.3071,0.5218,"[1, 105, 141, 252, 450, 804, 1074, 1436, 2566, 3430]",0.4914,False,8.146e-03,5.1645,3.6015,1.7698,1.1004
cpp__csupport,39.6,1632,0.49,,0.9773,1,8192,"[0.4656453377943066, 0.5161423982481637]","[0.4580417664057988, 0.5123734691123212]",False,3430,0.5076,-0.0088,"[141, 252, 450, 1919, 8192]",0.4856,False,1.111e-02,5.2596,3.6684,1.9519,1.2576
cpp__matched,54.4,6511,0.4987,,0.9328,1,8192,"[0.44608082652631525, 0.5451377726128765]","[0.4728598768622635, 0.5164618820351041]",False,11,0.3113,0.5214,"[1, 105, 141, 188, 252, 450, 804, 1074, 1436, 1919, 2566, 3430]",0.4912,False,7.786e-03,5.1574,3.6048,1.7566,1.0788
cpp/geant4,61.5,7359,0.4987,,0.9333,1,8192,"[0.44669157923641833, 0.5441690853163013]","[0.47612752207520526, 0.5189507956300781]",False,11,0.3071,0.5218,"[1, 105, 141, 252, 450, 804, 1074, 1436, 2566, 3430]",0.4914,False,8.146e-03,5.1645,3.6015,1.7698,1.1004
latex,32.4,265,0.4611,,0.9771,1,8192,"[0.4404937374245038, 0.4810991207727869]","[0.32445088880503253, 0.5063708185333055]",False,33,0.37,0.4942,[7],0.5028,False,1.747e-03,5.2539,4.0746,2.0264,1.1566
latex__csupport,32.4,265,0.4611,,0.9771,1,8192,"[0.4404937374245038, 0.4810991207727869]","[0.33130466274561754, 0.5074054791505497]",False,33,0.37,0.4942,[7],0.5028,False,1.747e-03,5.2539,4.0746,2.0264,1.1566
latex/arxiv,32.4,265,0.4611,,0.9771,1,8192,"[0.4404937374245038, 0.4810991207727869]","[0.3547971631869035, 0.5076719087555492]",False,33,0.37,0.4942,[7],0.5028,False,1.747e-03,5.2539,4.0746,2.0264,1.1566
